플랫폼,스트리머,포인트,최고 시청자 순위,평균 시청자 순위,뷰어십 순위,방송시간,최고시청자,평균시청자,뷰어십
치지직,양도운,1.8,1,3,1,249.8,27,10.451961569255404,2610.9
치지직,망쵸,3.4,3,1,6,27.3,20,10.95970695970696,299.2
치지직,플립시드,5.2,2,2,10,17.3,26,10.92485549132948,189
치지직,하루 님,7.8,9,11,4,91,14,6.184615384615385,562.8
치지직,허슬임,8,4,9,9,28.8,16,6.583333333333333,189.6
치지직,명탄,10,4,18,5,67.8,16,5.035398230088496,341.4
치지직,너구리OwO,11.2,6,23,2,173.4,15,4.427335640138408,767.7
치지직,딱철,12.4,6,16,12,22.7,15,5.524229074889868,125.4
치지직,뷰슬1337,13,9,12,16,16.3,14,5.889570552147239,96
치지직,운송장 unsong,14,6,13,19,14.7,15,5.7482993197278915,84.5
치지직,디보티,15.8,15,29,3,179.8,12,3.8937708565072304,700.1
치지직,Tonteria,15.8,9,22,13,23.5,14,4.659574468085107,109.5
치지직,유세화 USeHwa,16.2,9,4,32,4.1,14,8.365853658536585,34.3
치지직,뚜루쿤,18,18,28,8,62.1,11,3.9146537842190017,243.1
치지직,나루다,18,18,19,17,17.9,11,4.966480446927374,88.9
치지직,김파인애플,19.4,15,26,15,23.8,12,4.046218487394958,96.3
치지직,비올레티,20,18,5,36,3,11,8.166666666666666,24.5
치지직,김동팡,22.6,25,7,37,3,10,7.266666666666667,21.8
치지직,비빔밥워리어민철,22.8,18,30,18,23.2,11,3.7629310344827585,87.3
치지직,Hosang Rifle,23,13,37,14,31.1,13,3.1864951768488745,99.1
치지직,릴테이프,23,25,34,11,49.5,10,3.3878787878787877,167.7
치지직,우묘,23,25,25,20,19.5,10,4.184615384615385,81.6
치지직,냐아초,23.8,15,45,7,113.4,12,2.63668430335097,299
치지직,래삥,24.6,13,17,38,3.7,13,5.27027027027027,19.5
치지직,안룡98,24.6,29,21,26,10,9,4.78,47.8
치지직,콜라희,25,25,10,40,2.2,10,6.454545454545454,14.2
치지직,겐마 유이토,25.6,18,20,35,6.3,11,4.873015873015873,30.7
치지직,ILooveyoou,26.4,18,33,24,18.3,11,3.4863387978142075,63.8
치지직,사초21,29.8,29,35,25,17.4,9,3.3045977011494254,57.5
치지직,총겜은정신병,30,18,6,60,0.6,11,7.666666666666667,4.6
치지직,뼈닥,32.6,39,40,22,25.9,6,2.972972972972973,77
치지직,도도도람쥐,33.4,35,14,52,1.2,8,5.666666666666667,6.8
치지직,목화솜 moghwasom,33.8,29,38,32,11.1,9,3.09009009009009,34.3
치지직,도비두비두밥,33.8,29,8,62,0.5,9,7,3.5
치지직,reibow,34,38,24,42,2.8,7,4.321428571428571,12.1
치지직,김스윙,34.2,29,43,28,13.7,9,2.81021897810219,38.5
치지직,junorignal,35,29,32,41,3.8,9,3.5526315789473686,13.5
치지직,장수덕,35.4,35,50,21,33.8,8,2.331360946745562,78.8
치지직,피그루,37,39,46,27,16,6,2.60625,41.7
치지직,샘소프,38.2,39,31,45,2.6,6,3.730769230769231,9.7
치지직,밍뭉망,39.4,39,15,64,0.5,6,5.6,2.8
치지직,무박이,40.6,45,56,23,39.2,5,1.808673469387755,70.9
치지직,올ooo,41.8,39,27,58,1.3,6,4,5.2
치지직,근사수,42.6,39,48,39,6.1,6,2.4262295081967213,14.8
치지직,KIoud,43.4,35,60,31,20.9,8,1.6602870813397128,34.7
치지직,예술개발자 혀니,45,45,61,29,21.7,5,1.640552995391705,35.6
치지직,유 이레,45.8,45,39,53,2.1,5,3.0476190476190474,6.4
치지직,삼하나31,46,54,59,29,21,4,1.6952380952380952,35.6
치지직,LEMON361,46,54,41,47,3.1,4,2.967741935483871,9.2
치지직,이구 IGU,47.6,54,49,43,4.8,4,2.375,11.4
치지직,펄크라떼,51.4,45,44,62,1.3,5,2.6923076923076925,3.5
치지직,시그 SIG,51.6,54,68,34,27.8,4,1.2266187050359711,34.1
치지직,카휘백,51.6,54,52,50,3.4,4,2.1470588235294117,7.3
치지직,녹야비,51.6,54,47,55,2.2,4,2.5454545454545454,5.6
치지직,Fluffles,51.8,45,58,49,4.7,5,1.7659574468085106,8.3
치지직,김갈치입니다,53.8,45,42,70,0.6,5,2.8333333333333335,1.7
치지직,시뉴 Wypa,54,54,36,72,0.4,4,3.25,1.3
치지직,양욱진,54.2,45,62,51,4.5,5,1.5333333333333334,6.9
치지직,딸기전쟁,54.6,45,66,48,6,5,1.4,8.4
치지직,CHZZK KMG,57.2,54,70,46,8.4,4,1.1071428571428572,9.3
치지직,윤루브,58.2,65,54,59,2.4,3,1.9583333333333333,4.7
치지직,도타블,58.4,54,63,56,3.5,4,1.5142857142857142,5.3
치지직,둥실이ㄱ,58.8,54,64,56,3.6,4,1.4722222222222223,5.3
치지직,뫙망,59.8,45,73,54,8.1,5,0.7777777777777778,6.3
치지직,닉네임못정했어,60.2,65,74,44,18.9,3,0.582010582010582,11
치지직,달쿤 Raccoon,61.4,65,55,66,1.2,3,1.8333333333333333,2.2
치지직,이루공,61.4,65,53,68,0.9,3,2.111111111111111,1.9
치지직,치돌chidol,63.4,65,57,69,1,3,1.8,1.8
치지직,국산티타늄당근,63.4,65,51,75,0.5,3,2.2,1.1
치지직,에그머니야,65,65,65,65,1.9,3,1.4210526315789473,2.7
치지직,구희수,65,65,69,61,3.3,3,1.121212121212121,3.7
치지직,한수원캐스터,65.6,54,71,66,2.3,4,0.9565217391304348,2.2
치지직,린팡,69.6,74,66,71,1,2,1.4,1.4
치지직,Lotb,71.4,65,72,74,1.3,3,0.9230769230769231,1.2
치지직,세인테수,74,74,76,72,3.6,2,0.3611111111111111,1.3
치지직,어둠의 문어단,75.6,76,75,76,1.4,1,0.42857142857142855,0.6
치지직,디지ㅎㅎ,77,77,77,77,0.1,0,0,0